licensee,year,total_accepted_t,n_records,n_low_codes,disposal,other,recovery,recovery_rate
Ashgrove Recycling - W0147,2021,6471.86,26,13,0.0,6471.86,0.0,
Ashgrove Recycling - W0147,2022,7201.27,32,12,0.0,7201.27,0.0,
Ashgrove Recycling - W0147,2023,5496.0,24,14,0.0,3829.92,1666.0800000000002,1.0
Ashgrove Recycling - W0147,2024,7915.320000000001,24,14,2232.52,5682.8,0.0,0.0
Ashgrove Recycling - W0147,2025,8716.060000000001,22,12,2278.02,6438.04,0.0,0.0
Athy Civic Amenity Centre - W0175,2023,12.66,2,1,0.0,12.66,0.0,
Athy Civic Amenity Centre - W0175,2024,44.0,2,2,0.0,44.0,0.0,
Athy Civic Amenity Centre - W0175,2025,37.410000000000004,5,4,0.0,37.410000000000004,0.0,
Ballaghveny Landfill - W0078,2021,6805.01,4,1,6805.01,0.0,0.0,0.0
Ballaghveny Landfill - W0078,2022,31060.88,4,1,31060.88,0.0,0.0,0.0
Ballaghveny Landfill - W0078,2023,16913.36,3,1,16913.36,0.0,0.0,0.0
Ballaghveny Landfill - W0078,2024,22680.54,7,2,16526.34,6154.200000000001,0.0,0.0
Ballaghveny Landfill - W0078,2025,4062.54,3,1,4062.54,0.0,0.0,0.0
Ballymount Baling Station - W0003,2021,4667.12,6,2,0.0,4667.12,0.0,
Ballymount Baling Station - W0003,2022,4344.72,4,2,0.0,4344.72,0.0,
Ballymount Baling Station - W0003,2023,5145.97,4,2,0.0,5145.97,0.0,
Ballymount Baling Station - W0003,2024,5873.650000000001,4,2,0.0,5873.650000000001,0.0,
Ballymount Baling Station - W0003,2025,5819.02,6,3,0.0,5819.02,0.0,
Ballynagran Residual Landfill - W0165,2021,21340.2,18,3,1249.4,0.0,20090.8,0.9414532197448946
Ballynagran Residual Landfill - W0165,2022,21004.96,13,2,22.0,0.0,20982.96,0.998952628331594
Ballynagran Residual Landfill - W0165,2023,9085.7,9,1,0.0,0.0,9085.7,1.0
Ballynagran Residual Landfill - W0165,2024,3476.92,2,1,0.0,0.0,3476.92,1.0
Ballynagran Residual Landfill - W0165,2025,4133.34,5,1,0.0,0.0,4133.34,1.0
Ballyogan Landfill Facility Ballyogan Recycling Park - W0015,2021,10.0,2,1,0.0,0.0,10.0,1.0
Ballyogan Landfill Facility Ballyogan Recycling Park - W0015,2022,18.62,2,1,0.0,0.0,18.62,1.0
Ballyogan Landfill Facility Ballyogan Recycling Park - W0015,2023,14.48,2,1,0.0,0.0,14.48,1.0
Ballyogan Landfill Facility Ballyogan Recycling Park - W0015,2024,14.52,2,1,0.0,0.0,14.52,1.0
Ballyogan Landfill Facility Ballyogan Recycling Park - W0015,2025,19.82,2,1,0.0,19.82,0.0,
Blackhall Soil Recovery Facility - W0247,2022,88753.0,3,3,88753.0,0.0,0.0,0.0
Blackhall Soil Recovery Facility - W0247,2025,46962.0,5,3,0.0,0.0,46962.0,1.0
Blancomet Recycling IE Limited - P1115,2022,180.433,16,5,0.0,14.69,165.743,1.0
Blancomet Recycling IE Limited - P1115,2023,265.064,12,5,0.0,22.964,242.1,1.0
Blancomet Recycling IE Limited - P1115,2024,363.42699999999996,20,5,0.0,38.759,324.66799999999995,1.0
Blancomet Recycling IE Limited - P1115,2025,566.073,17,7,0.0,91.149,474.92400000000004,1.0
Boliden Tara Mines Limited - P0516,2021,15555.0,2,1,0.0,0.0,15555.0,1.0
Boliden Tara Mines Limited - P0516,2022,334632.0,2,1,0.0,0.0,334632.0,1.0
Boliden Tara Mines Limited - P0516,2023,164158.0,2,1,0.0,0.0,164158.0,1.0
Boliden Tara Mines Limited - P0516,2025,46639.0,2,1,0.0,0.0,46639.0,1.0
Bord Na Móna Recycling Limited - W0104,2021,98.35,5,4,0.0,98.35,0.0,
Bord Na Móna Recycling Limited - W0104,2022,105.82,4,2,0.0,105.82,0.0,
Bord Na Móna Recycling Limited - W0104,2023,103.99,6,4,0.0,103.99,0.0,
Bord Na Móna Recycling Limited - W0104,2024,14.5,3,2,0.0,14.5,0.0,
Bord Na Móna Recycling Limited - W0131,2021,19440.17,14,9,0.0,19440.17,0.0,
Bord Na Móna Recycling Limited - W0131,2022,11891.0,13,8,0.0,11891.0,0.0,
Bord Na Móna Recycling Limited - W0131,2023,15269.83,9,7,0.0,15269.83,0.0,
Bord Na Móna Recycling Limited - W0131,2024,11287.14,9,8,0.0,11287.14,0.0,
Bord Na Móna Recycling Limited - W0131,2025,11797.810000000001,11,8,0.0,11797.810000000001,0.0,
Bord Na Móna Recycling Limited - W0194,2021,1009.25,19,9,0.0,1009.25,0.0,
Bord Na Móna Recycling Limited - W0194,2022,806.96,15,8,0.0,806.96,0.0,
Bord Na Móna Recycling Limited - W0194,2023,704.63,11,7,0.0,704.63,0.0,
Bord Na Móna Recycling Limited - W0194,2024,747.19,10,7,0.0,747.19,0.0,
Bord Na Móna Recycling Limited - W0194,2025,607.38,11,7,0.0,607.38,0.0,
Bord Na Móna Recycling Limited - W0222,2021,39849.64,12,8,0.0,39849.64,0.0,
Bord Na Móna Recycling Limited - W0222,2022,34516.130000000005,14,10,0.0,34516.130000000005,0.0,
Bord Na Móna Recycling Limited - W0222,2023,41473.87,14,9,0.0,41473.87,0.0,
Bord Na Móna Recycling Limited - W0222,2024,39618.5,10,8,0.0,39618.5,0.0,
Bord Na Móna Recycling Limited - W0222,2025,39755.56,11,9,0.0,39755.56,0.0,
Bord Na Móna Recycling Limited - W0229,2021,468.2551,11,6,0.0,468.2551,0.0,
Bord Na Móna Recycling Limited - W0229,2022,576.73,12,7,0.0,576.73,0.0,
Bord Na Móna Recycling Limited - W0229,2023,638.26,11,6,0.0,638.26,0.0,
Bord Na Móna Recycling Limited - W0229,2024,225.512,10,6,0.0,225.512,0.0,
Bord Na Móna Recycling Limited - W0229,2025,371.25,10,6,0.0,371.25,0.0,
Bord Na Móna Recycling Limited - W0240,2021,69.16,10,6,0.0,69.16,0.0,
Bord Na Móna Recycling Limited - W0240,2022,110.39999999999999,8,5,0.0,110.39999999999999,0.0,
Bord Na Móna Recycling Limited - W0240,2023,412.88,11,6,0.0,412.88,0.0,
Bord Na Móna Recycling Limited - W0240,2024,381.96000000000004,8,5,0.0,381.96000000000004,0.0,
Bord Na Móna Recycling Limited - W0240,2025,331.34000000000003,13,6,0.0,331.34000000000003,0.0,
Brownswood Inert Waste Recovery Facility - W0280,2021,135249.0,2,1,0.0,0.0,135249.0,1.0
Brownswood Inert Waste Recovery Facility - W0280,2022,131109.74,2,1,0.0,0.0,131109.74,1.0
Brownswood Inert Waste Recovery Facility - W0280,2023,196155.14,2,1,0.0,0.0,196155.14,1.0
Brownswood Inert Waste Recovery Facility - W0280,2024,83684.77,2,1,0.0,0.0,83684.77,1.0
Bruscar Bhearna Teoranta  (Carrowbrowne) - W0106,2021,9860.74,4,3,0.0,9860.74,0.0,
Bruscar Bhearna Teoranta  (Carrowbrowne) - W0106,2022,12708.85,4,3,0.0,12708.85,0.0,
Bruscar Bhearna Teoranta  (Carrowbrowne) - W0106,2023,11122.96,3,2,0.0,11122.96,0.0,
Bruscar Bhearna Teoranta  (Carrowbrowne) - W0106,2024,12770.01,5,2,0.0,12770.01,0.0,
Bruscar Bhearna Teoranta  (Carrowbrowne) - W0106,2025,13652.54,9,4,0.0,13652.54,0.0,
Bruscar Bhearna Teoranta (Ballaghadereen) - W0163,2021,853.0,4,2,0.0,0.0,853.0,1.0
Bruscar Bhearna Teoranta (Ballaghadereen) - W0163,2022,873.0,2,1,0.0,0.0,873.0,1.0
Bruscar Bhearna Teoranta (Ballaghadereen) - W0163,2023,1609.0,5,4,0.0,0.0,1609.0,1.0
Bruscar Bhearna Teoranta (Ballaghadereen) - W0163,2024,1809.0,4,3,0.0,0.0,1809.0,1.0
Bruscar Bhearna Teoranta (Ballaghadereen) - W0163,2025,2827.0,6,4,0.0,0.0,2827.0,1.0
Bruscar Bhearna Teoranta (Drumshanbo) - W0216,2021,388.0,4,2,0.0,0.0,388.0,1.0
Bruscar Bhearna Teoranta (Drumshanbo) - W0216,2022,490.0,2,1,0.0,0.0,490.0,1.0
Bruscar Bhearna Teoranta (Drumshanbo) - W0216,2023,835.0,5,4,0.0,0.0,835.0,1.0
Bruscar Bhearna Teoranta (Drumshanbo) - W0216,2024,1460.0,6,5,0.0,0.0,1460.0,1.0
Bruscar Bhearna Teoranta (Drumshanbo) - W0216,2025,1301.0,7,5,0.0,0.0,1301.0,1.0
CHI Environmental Limited - W0260,2021,24179.0,6,4,0.0,0.0,24179.0,1.0
CHI Environmental Limited - W0260,2022,37655.0,6,4,0.0,0.0,37655.0,1.0
CHI Environmental Limited - W0260,2023,30380.0,6,4,0.0,0.0,30380.0,1.0
CHI Environmental Limited - W0260,2024,35583.78,8,4,0.0,0.0,35583.78,1.0
CHI Environmental Limited - W0260,2025,41085.48,6,3,0.0,0.0,41085.48,1.0
Calary Quarry - W0293,2022,33328.15,2,1,0.0,0.0,33328.15,1.0
Calary Quarry - W0293,2023,177831.19,2,1,0.0,0.0,177831.19,1.0
Calary Quarry - W0293,2024,302000.0,2,1,0.0,0.0,302000.0,1.0
Calary Quarry - W0293,2025,304339.03,2,1,0.0,0.0,304339.03,1.0
Cavan Waste Disposal Ltd - W0207,2021,1849.02,9,4,0.0,1849.02,0.0,
Cavan Waste Disposal Ltd - W0207,2022,1528.7199999999998,9,6,0.0,1528.7199999999998,0.0,
Cavan Waste Disposal Ltd - W0207,2023,1121.4499999999998,10,6,0.0,1121.4499999999998,0.0,
Cavan Waste Disposal Ltd - W0207,2024,1665.29,9,5,0.0,1665.29,0.0,
Cavan Waste Disposal Ltd - W0207,2025,2931.09,9,5,0.0,2931.09,0.0,
Clashford Recovery Facilities LTD - W0265,2023,10607.0,2,1,0.0,0.0,10607.0,1.0
Clashford Recovery Facilities LTD - W0265,2024,20645.0,3,2,0.0,790.0,19855.0,1.0
Clashford Recovery Facilities LTD - W0265,2025,21287.0,4,2,0.0,0.0,21287.0,1.0
Clean (Irl) Refuse & Recycling Co. Unlimited Company - W0253,2021,404.609,16,8,0.0,404.609,0.0,
Clean (Irl) Refuse & Recycling Co. Unlimited Company - W0253,2022,897.8699999999999,12,7,0.0,897.8699999999999,0.0,
Clean (Irl) Refuse & Recycling Co. Unlimited Company - W0253,2023,1473.78,20,9,0.0,1473.78,0.0,
Clean (Irl) Refuse & Recycling Co. Unlimited Company - W0253,2024,3381.549,18,9,0.0,3381.549,0.0,
Clean (Irl) Refuse & Recycling Co. Unlimited Company - W0253,2025,2656.844,20,10,0.0,2656.844,0.0,
Clonakilty Waste Transfer Station - W0008,2021,19.68,4,2,0.0,19.68,0.0,
Clonakilty Waste Transfer Station - W0008,2022,134.66,4,2,0.0,134.66,0.0,
Clonakilty Waste Transfer Station - W0008,2023,92.2,4,2,0.0,92.2,0.0,
Corranure Landfill - W0077,2021,0.0,1,1,0.0,0.0,0.0,
Corranure Landfill - W0077,2022,0.0,1,1,0.0,0.0,0.0,
Corranure Landfill - W0077,2023,0.0,1,1,0.0,0.0,0.0,
Corranure Landfill - W0077,2024,0.0,1,1,0.0,0.0,0.0,
Corranure Landfill - W0077,2025,0.0,1,1,0.0,0.0,0.0,
Country Clean Recycling Unlimited Company - W0257,2021,9941.98,21,10,0.0,9941.98,0.0,
Country Clean Recycling Unlimited Company - W0257,2022,8442.17,16,10,0.0,8442.17,0.0,
Country Clean Recycling Unlimited Company - W0257,2023,10565.19,14,9,0.0,10565.19,0.0,
Country Clean Recycling Unlimited Company - W0257,2024,15119.46,15,9,13363.39,1756.07,0.0,0.0
Country Clean Recycling Unlimited Company - W0257,2025,18050.4,16,9,16384.45,1665.95,0.0,0.0
Crag Arklow Limited - P0031,2025,15750.0,1,1,0.0,15750.0,0.0,
Derrinumera Landfill Facility - W0021,2021,0.0,2,2,0.0,0.0,0.0,
Derrinumera Landfill Facility - W0021,2022,0.0,2,2,0.0,0.0,0.0,
Derrinumera Landfill Facility - W0021,2023,0.0,2,2,0.0,0.0,0.0,
Derrinumera Landfill Facility - W0021,2024,0.0,2,2,0.0,0.0,0.0,
Derrinumera Landfill Facility - W0021,2025,0.0,2,2,0.0,0.0,0.0,
Derryclure Landfill - W0029,2021,0.0,1,1,0.0,0.0,0.0,
Derryclure Landfill - W0029,2022,0.0,1,1,0.0,0.0,0.0,
Derryclure Landfill - W0029,2023,0.0,2,2,0.0,0.0,0.0,
Derryclure Landfill - W0029,2024,0.0,1,1,0.0,0.0,0.0,
Dingle Civic Amenity Centre - W0225,2021,24.08,2,1,0.0,24.08,0.0,
Dingle Civic Amenity Centre - W0225,2022,11.88,2,1,0.0,11.88,0.0,
Dingle Civic Amenity Centre - W0225,2023,21.3,2,1,0.0,21.3,0.0,
Dingle Civic Amenity Centre - W0225,2024,39.28,2,1,0.0,39.28,0.0,
Dingle Civic Amenity Centre - W0225,2025,23.6,2,1,0.0,23.6,0.0,
Donohill Landfill - W0074,2021,80.9,2,1,0.0,0.0,80.9,1.0
Donohill Landfill - W0074,2022,60.04,2,1,0.0,0.0,60.04,1.0
Donohill Landfill - W0074,2023,63.08,2,1,0.0,63.08,0.0,
Donohill Landfill - W0074,2024,66.28,2,1,0.0,66.28,0.0,
Donohill Landfill - W0074,2025,69.8,4,2,8.86,0.0,60.94,0.8730659025787966
Drehid Waste Management Facility - W0201,2021,144621.96,17,3,668.4,0.0,143953.56,0.995378295246448
Drehid Waste Management Facility - W0201,2022,44087.909999999996,15,4,683.96,0.0,43403.95,0.9844864499133663
Drehid Waste Management Facility - W0201,2023,138532.64,21,3,662.1,0.0,137870.54,0.9952206209309228
Drehid Waste Management Facility - W0201,2024,140625.78,31,6,633.6999999999999,0.0,139992.08,0.9954937138837558
Drehid Waste Management Facility - W0201,2025,126557.96,26,4,582.62,0.0,125975.34,0.9953964175781594
Dublin Port Company - P1022,2021,65373.0,2,1,0.0,0.0,65373.0,1.0
Dungarvan Waste Disposal Site - W0032,2021,190.56,2,1,0.0,0.0,190.56,1.0
Dungarvan Waste Disposal Site - W0032,2022,176.36,2,1,0.0,0.0,176.36,1.0
Dungarvan Waste Disposal Site - W0032,2023,225.26,2,1,0.0,0.0,225.26,1.0
Dungarvan Waste Disposal Site - W0032,2024,227.12,2,1,0.0,0.0,227.12,1.0
Dungarvan Waste Disposal Site - W0032,2025,279.12,2,1,0.0,0.0,279.12,1.0
East Cork Landfill Site - W0022,2022,6.74,2,1,0.0,0.0,6.74,1.0
East Cork Landfill Site - W0022,2023,7.64,2,1,0.0,0.0,7.64,1.0
East Cork Landfill Site - W0022,2024,4.94,2,1,0.0,0.0,4.94,1.0
East Cork Landfill Site - W0022,2025,3.86,2,1,0.0,0.0,3.86,1.0
Enva Ireland Limited (Portlaoise) - W0184,2021,69486.326,16,12,236.4,69249.926,0.0,0.0
Enva Ireland Limited (Portlaoise) - W0184,2022,65196.520000000004,15,9,0.0,65196.520000000004,0.0,
Enva Ireland Limited (Portlaoise) - W0184,2023,58162.71000000001,17,10,0.0,3208.3500000000004,54954.36,1.0
Enva Ireland Limited (Portlaoise) - W0184,2024,66834.07,16,10,0.0,1302.65,65531.420000000006,1.0
Enva Ireland Limited (Portlaoise) - W0184,2025,72896.61,22,11,0.0,1347.11,71549.5,1.0
Enva Ireland Limited (Shannon) - W0041,2021,1.408,3,2,0.0,1.408,0.0,
Enva Ireland Limited (Shannon) - W0041,2022,1.259,9,3,0.0,1.259,0.0,
Enva Ireland Limited (Shannon) - W0041,2023,1.7389999999999999,4,2,0.0,1.7389999999999999,0.0,
Enva Ireland Limited (Shannon) - W0041,2024,0.388,2,1,0.0,0.388,0.0,
Enva Ireland Limited (Shannon) - W0041,2025,0.934,3,2,0.0,0.934,0.0,
Enva Ireland Limited - W0192,2021,13830.342,16,8,13615.587,205.12900000000002,9.626,0.0007064843683544617
Enva Ireland Limited - W0192,2022,23559.32,12,5,0.0,23554.39,4.93,1.0
Enva Ireland Limited - W0192,2023,31945.858,11,4,0.0,31945.196,0.662,1.0
Enva Ireland Limited - W0192,2024,18508.02,13,6,0.0,18499.77,8.25,1.0
Enva Ireland Limited - W0192,2025,44607.15,12,4,0.0,44607.15,0.0,
GLV Bay Lane Limited - W0301,2025,33.76,1,1,0.0,33.76,0.0,
Galway Corporation Depot - W0166,2022,66.66,2,1,0.0,66.66,0.0,
Galway Corporation Depot - W0166,2024,66.97,2,1,0.0,66.97,0.0,
Galway Corporation Depot - W0166,2025,8.76,4,2,0.0,8.76,0.0,
Galway Metal Company Limited - P1006,2021,21844.750000000004,15,5,0.0,0.0,21844.750000000004,1.0
Galway Metal Company Limited - P1006,2022,19900.95,13,5,0.0,0.0,19900.95,1.0
Galway Metal Company Limited - P1006,2023,20645.863,12,6,0.0,0.0,20645.863,1.0
Galway Metal Company Limited - P1006,2024,23399.4,18,6,0.0,0.0,23399.4,1.0
Galway Metal Company Limited - P1006,2025,22887.3,15,6,0.0,0.0,22887.3,1.0
Garryhesta Pit - W0299,2021,43162.0,2,1,0.0,0.0,43162.0,1.0
Garryhesta Pit - W0299,2022,253960.03,2,1,0.0,0.0,253960.03,1.0
Garryhesta Pit - W0299,2023,281665.62,2,1,0.0,0.0,281665.62,1.0
Garryhesta Pit - W0299,2024,300000.0,2,1,0.0,0.0,300000.0,1.0
Garryhesta Pit - W0299,2025,276059.9,2,1,0.0,0.0,276059.9,1.0
Glanway Limited - P1015,2023,17274.8,2,1,17274.8,0.0,0.0,0.0
Glanway Limited - P1015,2024,11199.26,2,1,11199.26,0.0,0.0,0.0
Glanway Limited - P1015,2025,18318.34,2,1,18318.34,0.0,0.0,0.0
Gortadroma Landfill Site - W0017,2021,0.0,1,1,0.0,0.0,0.0,
Gortadroma Landfill Site - W0017,2022,0.0,1,1,0.0,0.0,0.0,
Gortadroma Landfill Site - W0017,2023,0.0,1,1,0.0,0.0,0.0,
Gortadroma Landfill Site - W0017,2024,0.0,1,1,0.0,0.0,0.0,
Gortadroma Landfill Site - W0017,2025,0.0,1,1,0.0,0.0,0.0,
Green Circular Economy Unlimited Company - W0205,2021,29283.53,26,8,0.0,2.9,29280.63,1.0
Green Circular Economy Unlimited Company - W0205,2022,35244.998999999996,26,10,0.0,35244.998999999996,0.0,
Green Circular Economy Unlimited Company - W0205,2023,29896.281,27,10,0.0,29896.281,0.0,
Green Circular Economy Unlimited Company - W0205,2024,23105.795,26,10,0.0,23105.795,0.0,
Green Circular Economy Unlimited Company - W0205,2025,19148.38,24,9,0.0,19148.38,0.0,
Hi-Volt Ireland Limited - W0267,2021,556.168,10,5,0.0,556.168,0.0,
Hi-Volt Ireland Limited - W0267,2022,446.47600000000006,10,5,0.0,446.47600000000006,0.0,
Hi-Volt Ireland Limited - W0267,2023,517.408,10,5,0.0,517.408,0.0,
Hi-Volt Ireland Limited - W0267,2024,428.062,10,6,0.0,428.062,0.0,
Huntstown Inert Waste Recovery Facility - W0277,2021,1499662.0,2,1,0.0,0.0,1499662.0,1.0
Huntstown Inert Waste Recovery Facility - W0277,2022,1411192.48,2,1,0.0,0.0,1411192.48,1.0
Huntstown Inert Waste Recovery Facility - W0277,2023,127398.48,2,1,0.0,0.0,127398.48,1.0
Huntstown Inert Waste Recovery Facility - W0277,2025,726647.22,2,1,0.0,0.0,726647.22,1.0
Indaver Ireland Limited (Duleek) - W0167,2022,2.74,2,1,0.0,0.0,2.74,1.0
Indaver Ireland Limited (Duleek) - W0167,2023,20.64,6,3,0.0,0.0,20.64,1.0
Indaver Ireland Limited (Duleek) - W0167,2024,89.2,2,1,0.0,0.0,89.2,1.0
Indaver Ireland Limited (Duleek) - W0167,2025,340.08,4,2,0.0,0.0,340.08,1.0
"Indaver Ireland Limited (Tolka Quay Road), Dublin Port - W0036",2021,58.103,8,3,58.103,0.0,0.0,0.0
"Indaver Ireland Limited (Tolka Quay Road), Dublin Port - W0036",2022,8.733,9,4,8.733,0.0,0.0,0.0
"Indaver Ireland Limited (Tolka Quay Road), Dublin Port - W0036",2023,8.957999999999998,7,3,8.957999999999998,0.0,0.0,0.0
"Indaver Ireland Limited (Tolka Quay Road), Dublin Port - W0036",2024,14.706000000000001,6,3,14.706000000000001,0.0,0.0,0.0
"Indaver Ireland Limited (Tolka Quay Road), Dublin Port - W0036",2025,22.241,13,5,22.241,0.0,0.0,0.0
Integrated Materials Solutions Limited Partnership - W0129,2021,1170536.0999999999,22,6,934963.27,0.0,235572.83000000002,0.20125208440816136
Integrated Materials Solutions Limited Partnership - W0129,2022,787225.6359999999,156,7,659188.876,0.0,128036.76000000001,0.16264302652867366
Integrated Materials Solutions Limited Partnership - W0129,2023,1053701.04,141,5,934451.02,0.0,119250.02,0.11317253706041706
Integrated Materials Solutions Limited Partnership - W0129,2024,1066397.8,142,6,266630.43,0.0,799767.37,0.749970948927314
Integrated Materials Solutions Limited Partnership - W0129,2025,1032764.09,154,5,0.0,0.0,1032764.09,1.0
Irish Packaging Recycling Unlimited Company - W0263,2021,0.0,1,1,0.0,0.0,0.0,
JFK Environmental Limited - W0196,2021,99.16,2,1,0.0,0.0,99.16,1.0
JFK Environmental Limited - W0196,2022,17.299999999999997,3,2,3.76,0.0,13.54,0.7826589595375724
JFK Environmental Limited - W0196,2025,21.9,1,1,0.0,21.9,0.0,
KMK Metals Recycling Limited - P1076,2025,24.278,1,1,0.0,24.278,0.0,
KMK Metals Recycling Limited - W0113,2021,5.664000000000001,2,2,0.0,0.0,5.664000000000001,1.0
KMK Metals Recycling Limited - W0113,2022,5.73,1,1,0.0,0.0,5.73,1.0
KMK Metals Recycling Limited - W0113,2023,6.164,2,2,0.0,1.963,4.201,1.0
KMK Metals Recycling Limited - W0113,2024,7.952999999999999,2,2,0.0,7.952999999999999,0.0,
KMK Metals Recycling Limited - W0113,2025,1.276,2,2,0.0,1.114,0.162,1.0
Key Waste Management Limited - W0045,2021,24532.52,9,5,0.0,24532.52,0.0,
Key Waste Management Limited - W0045,2022,25214.46,10,6,0.0,25214.46,0.0,
Key Waste Management Limited - W0045,2023,19388.36,14,6,0.0,19388.36,0.0,
Key Waste Management Limited - W0045,2024,21792.84,21,7,0.0,21792.84,0.0,
Key Waste Management Limited - W0045,2025,31004.79,25,8,0.0,31004.79,0.0,
Kiernan Sand & Gravel Ltd - W0262,2021,7671.0,2,2,0.0,0.0,7671.0,1.0
Kiernan Sand & Gravel Ltd - W0262,2022,14582.0,2,2,0.0,0.0,14582.0,1.0
Kiernan Sand & Gravel Ltd - W0262,2023,15152.0,1,1,0.0,0.0,15152.0,1.0
Kiernan Sand & Gravel Ltd - W0262,2024,9056.0,2,2,0.0,0.0,9056.0,1.0
Kiernan Sand & Gravel Ltd - W0262,2025,8022.0,3,2,0.0,0.0,8022.0,1.0
Kildare County Council - P1063,2021,386069.41000000003,6,1,386069.41000000003,0.0,0.0,0.0
Kildare County Council - P1063,2022,50192.22,3,1,50192.22,0.0,0.0,0.0
Kildare County Council - P1063,2023,190.0,1,1,190.0,0.0,0.0,0.0
Kildare Sand & Gravel Limited - W0295,2021,194051.59,2,1,0.0,0.0,194051.59,1.0
Kildare Sand & Gravel Limited - W0295,2022,131053.61,2,1,0.0,0.0,131053.61,1.0
Kildare Sand & Gravel Limited - W0295,2023,105808.15,2,1,0.0,0.0,105808.15,1.0
Kildare Sand & Gravel Limited - W0295,2024,82703.74,2,1,0.0,0.0,82703.74,1.0
Killarney Waste Disposal Unlimited Company - W0217,2021,673.941,8,5,0.0,673.941,0.0,
Killarney Waste Disposal Unlimited Company - W0217,2022,731.0799999999999,3,2,0.0,731.0799999999999,0.0,
Killarney Waste Disposal Unlimited Company - W0217,2023,1114.421,3,2,0.0,1114.421,0.0,
Killarney Waste Disposal Unlimited Company - W0217,2024,3636.57,9,6,0.0,3636.57,0.0,
Killarney Waste Disposal Unlimited Company - W0217,2025,3557.41,14,6,0.0,3557.41,0.0,
Kilmurry South - W0048,2021,49159.33,6,3,0.0,0.0,49159.33,1.0
Kilmurry South - W0048,2022,53165.2,7,4,0.0,0.0,53165.2,1.0
Kilmurry South - W0048,2023,53307.94,8,5,0.0,0.0,53307.94,1.0
Kilmurry South - W0048,2024,49619.07,8,5,0.0,0.0,49619.07,1.0
Kilmurry South - W0048,2025,23836.0,9,6,0.0,0.0,23836.0,1.0
Kilsaran Concrete - W0300,2021,299917.9,2,1,0.0,0.0,299917.9,1.0
Kilsaran Concrete - W0300,2022,249307.87,2,1,0.0,0.0,249307.87,1.0
Kilsaran Concrete - W0300,2023,299987.0,2,1,0.0,0.0,299987.0,1.0
Kilsaran Concrete - W0300,2024,226455.0,2,1,0.0,0.0,226455.0,1.0
Kilsaran Concrete - W0300,2025,233589.7,2,1,0.0,0.0,233589.7,1.0
Kilsaran Concrete Unlimited Company - W0296,2021,399738.82,2,1,0.0,0.0,399738.82,1.0
Kilsaran Concrete Unlimited Company - W0296,2022,275875.35,2,1,0.0,0.0,275875.35,1.0
Kilsaran Concrete Unlimited Company - W0296,2023,398193.58,2,1,0.0,0.0,398193.58,1.0
Kilsaran Concrete Unlimited Company - W0296,2024,290251.09,2,1,0.0,0.0,290251.09,1.0
Kilsaran Concrete Unlimited Company - W0296,2025,343907.15,2,1,0.0,0.0,343907.15,1.0
Kinsale Road Landfill - W0012,2021,401.18,2,1,0.0,401.18,0.0,
Kinsale Road Landfill - W0012,2022,188.92,2,1,0.0,188.92,0.0,
Kinsale Road Landfill - W0012,2023,237.84,2,1,0.0,237.84,0.0,
Kinsale Road Landfill - W0012,2024,279.3,2,1,0.0,279.3,0.0,
Kinsale Road Landfill - W0012,2025,250.26,2,1,0.0,250.26,0.0,
Knockharley Landfill - W0146,2022,22124.28,4,1,0.0,0.0,22124.28,1.0
Knockharley Landfill - W0146,2023,28602.2,9,2,680.6,0.0,27921.6,0.9762046276160575
Knockharley Landfill - W0146,2024,11975.8,6,1,0.0,0.0,11975.8,1.0
Knockharley Landfill - W0146,2025,62.1,2,2,7.6,0.0,54.5,0.8776167471819646
Kyletalesha Landfill - W0026,2021,117400.0,4,1,117400.0,0.0,0.0,0.0
Kyletalesha Landfill - W0026,2022,138644.2,6,1,138644.2,0.0,0.0,0.0
Kyletalesha Landfill - W0026,2023,127952.48,4,1,127952.48,0.0,0.0,0.0
Kyletalesha Landfill - W0026,2024,119799.76000000001,9,2,119780.92,18.84,0.0,0.0
Kyletalesha Landfill - W0026,2025,20297.199999999997,7,2,20273.98,23.22,0.0,0.0
Macroom Civic Amenity Site - W0142,2022,0.0,1,1,0.0,0.0,0.0,
Macroom Civic Amenity Site - W0142,2023,13.32,2,1,0.0,13.32,0.0,
Macroom Civic Amenity Site - W0142,2024,17.44,2,1,0.0,17.44,0.0,
Macroom Civic Amenity Site - W0142,2025,22.1,2,1,0.0,22.1,0.0,
Metal Processors Limited - P0401,2021,16468.0,2,1,0.0,0.0,16468.0,1.0
Metal Processors Limited - P0401,2022,14693.0,2,1,0.0,0.0,14693.0,1.0
Metal Processors Limited - P0401,2023,16384.0,2,1,0.0,0.0,16384.0,1.0
Metal Processors Limited - P0401,2024,15466.0,2,1,0.0,0.0,15466.0,1.0
Metal Processors Limited - P0401,2025,13436.62,2,1,0.0,0.0,13436.62,1.0
Midleton Quarry - W0307,2023,243851.42,2,1,0.0,0.0,243851.42,1.0
Midleton Quarry - W0307,2024,278293.0,2,1,0.0,0.0,278293.0,1.0
Midleton Quarry - W0307,2025,296924.32,2,1,0.0,0.0,296924.32,1.0
Milverton Waste Recovery Facility - W0272,2021,4990.0,2,1,0.0,0.0,4990.0,1.0
Milverton Waste Recovery Facility - W0272,2023,379692.89,2,1,0.0,0.0,379692.89,1.0
Milverton Waste Recovery Facility - W0272,2024,399608.94,2,1,0.0,0.0,399608.94,1.0
Milverton Waste Recovery Facility - W0272,2025,387247.23,2,1,0.0,0.0,387247.23,1.0
Mulleady’s Limited (Drumlish) - W0169,2021,195.46,6,4,0.0,195.46,0.0,
Mulleady’s Limited (Drumlish) - W0169,2022,353.04,3,3,0.0,353.04,0.0,
Mulleady’s Limited (Drumlish) - W0169,2023,112.08,4,4,0.0,112.08,0.0,
Mulleady’s Limited (Drumlish) - W0169,2024,504.37,7,5,0.0,504.37,0.0,
Mulleady’s Limited (Drumlish) - W0169,2025,1216.5700000000002,6,4,0.0,1216.5700000000002,0.0,
Mulleady’s Limited (Mullingar) - W0197,2021,138.82,12,7,0.0,138.82,0.0,
Mulleady’s Limited (Mullingar) - W0197,2022,145.68,12,8,0.0,145.68,0.0,
Mulleady’s Limited (Mullingar) - W0197,2023,129.82,9,6,0.0,129.82,0.0,
Mulleady’s Limited (Mullingar) - W0197,2024,262.78,11,7,0.0,262.78,0.0,
Mulleady’s Limited (Mullingar) - W0197,2025,196.1,7,5,0.0,196.1,0.0,
Murray Waste Recycling Limited - W0258,2021,12441.73,7,6,0.0,12441.73,0.0,
Murray Waste Recycling Limited - W0258,2022,4432.3099999999995,9,8,0.0,4432.3099999999995,0.0,
Murray Waste Recycling Limited - W0258,2023,3147.024,9,7,0.0,3147.024,0.0,
Murray Waste Recycling Limited - W0258,2024,418.28,9,8,0.0,418.28,0.0,
Murray Waste Recycling Limited - W0258,2025,666.34,11,8,0.0,666.34,0.0,
N&C Enterprises Limited - W0292,2021,240078.0,2,1,0.0,0.0,240078.0,1.0
N&C Enterprises Limited - W0292,2022,187627.0,2,1,0.0,0.0,187627.0,1.0
N&C Enterprises Limited - W0292,2023,344776.0,2,1,0.0,0.0,344776.0,1.0
N&C Enterprises Limited - W0292,2024,240933.0,4,3,0.0,0.0,240933.0,1.0
N&C Enterprises Limited - W0292,2025,150216.0,3,2,0.0,0.0,150216.0,1.0
North City Operations Depot - W0302,2023,1740.8999999999999,6,3,0.0,1740.8999999999999,0.0,
North City Operations Depot - W0302,2024,4399.9400000000005,6,3,0.0,4399.9400000000005,0.0,
North City Operations Depot - W0302,2025,5393.28,6,3,0.0,5393.28,0.0,
O'Toole Composting Limited - W0284,2021,1006.48,7,4,0.0,1006.48,0.0,
O'Toole Composting Limited - W0284,2022,1141.34,7,4,0.0,1141.34,0.0,
O'Toole Composting Limited - W0284,2023,2481.8599999999997,8,5,0.0,2481.8599999999997,0.0,
O'Toole Composting Limited - W0284,2024,8369.52,9,5,0.0,8369.52,0.0,
O'Toole Composting Limited - W0284,2025,8546.85,12,6,0.0,8546.85,0.0,
Oxigen Environmental  (Merrywell) - W0208,2023,80.58,3,2,0.0,80.58,0.0,
Oxigen Environmental  (Merrywell) - W0208,2024,8320.0,2,1,0.0,8320.0,0.0,
Oxigen Environmental  Unlimited Company (Robinhood) - W0152,2021,27064.190000000002,7,3,0.0,27064.190000000002,0.0,
Oxigen Environmental  Unlimited Company (Robinhood) - W0152,2022,10318.7,12,7,0.0,10318.7,0.0,
Oxigen Environmental  Unlimited Company (Robinhood) - W0152,2023,6319.19,9,6,0.0,6319.19,0.0,
Oxigen Environmental  Unlimited Company (Robinhood) - W0152,2024,9691.062,11,6,0.0,9691.062,0.0,
Oxigen Environmental  Unlimited Company (Robinhood) - W0152,2025,14764.141,20,6,0.0,14764.141,0.0,
Oxigen Environmental (Coes Road) - W0144,2021,27051.725,13,4,0.0,27051.725,0.0,
Oxigen Environmental (Coes Road) - W0144,2022,31559.8,16,5,0.0,31559.8,0.0,
Oxigen Environmental (Coes Road) - W0144,2023,36861.979,19,6,0.0,36861.979,0.0,
Oxigen Environmental (Coes Road) - W0144,2024,43748.48,14,7,0.0,43748.48,0.0,
Oxigen Environmental (Coes Road) - W0144,2025,60564.818,17,7,0.0,60564.818,0.0,
P Carney Limited - P0402,2021,2638.0,4,2,0.0,0.0,2638.0,1.0
P Carney Limited - P0402,2022,2448.0,4,2,0.0,0.0,2448.0,1.0
P Carney Limited - P0402,2023,2194.73,4,2,0.0,0.0,2194.73,1.0
P Carney Limited - P0402,2024,2628.94,4,2,0.0,0.0,2628.94,1.0
P Carney Limited - P0402,2025,2936.8,4,2,0.0,0.0,2936.8,1.0
Padraig Thornton Waste Disposal Limited - W0227,2021,17167.614999999998,19,9,0.0,17167.614999999998,0.0,
Padraig Thornton Waste Disposal Limited - W0227,2022,23578.253,19,8,0.0,23578.253,0.0,
Padraig Thornton Waste Disposal Limited - W0227,2023,59012.539000000004,18,9,0.0,59012.539000000004,0.0,
Padraig Thornton Waste Disposal Limited - W0227,2024,67829.897,15,8,0.0,67829.897,0.0,
Padraig Thornton Waste Disposal Limited - W0227,2025,81441.231,19,12,0.0,81441.231,0.0,
Padraig Thornton Waste Disposal Ltd - W0206,2021,8371.409,16,9,0.0,8371.409,0.0,
Padraig Thornton Waste Disposal Ltd - W0206,2022,8803.06,15,7,0.0,8803.06,0.0,
Padraig Thornton Waste Disposal Ltd - W0206,2023,17774.96,17,11,0.0,17774.96,0.0,
Padraig Thornton Waste Disposal Ltd - W0206,2024,20881.47,13,8,0.0,20881.47,0.0,
Padraig Thornton Waste Disposal Ltd - W0206,2025,7735.926,13,9,0.0,7735.926,0.0,
Powerstown Landfill Site - W0025,2021,84.32000000000001,4,2,0.0,84.32000000000001,0.0,
Powerstown Landfill Site - W0025,2022,57.879999999999995,4,2,0.0,57.879999999999995,0.0,
Powerstown Landfill Site - W0025,2023,94.225,4,2,0.0,94.225,0.0,
Powerstown Landfill Site - W0025,2024,118.565,4,2,0.0,118.565,0.0,
Powerstown Landfill Site - W0025,2025,124.99,4,2,0.0,124.99,0.0,
Raffeen Landfill Site - W0023,2021,288.46000000000004,6,3,0.0,288.46000000000004,0.0,
Raffeen Landfill Site - W0023,2022,262.44,6,3,0.0,262.44,0.0,
Raffeen Landfill Site - W0023,2023,373.14,6,4,0.0,373.14,0.0,
Raffeen Landfill Site - W0023,2024,317.71000000000004,6,3,0.0,317.71000000000004,0.0,
Raffeen Landfill Site - W0023,2025,302.88,6,3,0.0,302.88,0.0,
Rathroeen Landfill - W0067,2021,0.0,3,3,0.0,0.0,0.0,
Rathroeen Landfill - W0067,2022,0.0,3,3,0.0,0.0,0.0,
Rathroeen Landfill - W0067,2023,0.0,3,3,0.0,0.0,0.0,
Rathroeen Landfill - W0067,2024,0.0,3,3,0.0,0.0,0.0,
Rathroeen Landfill - W0067,2025,0.0,6,4,0.0,0.0,0.0,
Ray Whelan Ltd - W0158,2021,1660.0,7,3,0.0,1660.0,0.0,
Ray Whelan Ltd - W0158,2022,1738.9099999999999,5,2,0.0,1738.9099999999999,0.0,
Ray Whelan Ltd - W0158,2023,1596.89,7,4,0.0,1596.89,0.0,
Ray Whelan Ltd - W0158,2024,1983.12,7,3,0.0,1983.12,0.0,
Ray Whelan Ltd - W0158,2025,1787.0,8,4,0.0,1787.0,0.0,
Recycling Centre and Waste Transfer Station - W0200,2021,176.32,6,3,118.84,57.480000000000004,0.0,0.0
Recycling Centre and Waste Transfer Station - W0200,2022,183.44,6,3,0.0,183.44,0.0,
Recycling Centre and Waste Transfer Station - W0200,2023,201.04,6,3,0.0,201.04,0.0,
Recycling Centre and Waste Transfer Station - W0200,2024,220.54,6,3,0.0,220.54,0.0,
Recycling Centre and Waste Transfer Station - W0200,2025,212.3,6,3,0.0,212.3,0.0,
Rilta Environmental - W0185,2021,6072.274,13,6,5988.401,83.87299999999999,0.0,0.0
Rilta Environmental - W0185,2022,5661.1359999999995,16,8,5540.674999999999,120.461,0.0,0.0
Rilta Environmental - W0185,2023,5988.5,12,5,5919.222,69.278,0.0,0.0
Rilta Environmental - W0185,2024,6111.461,8,3,6081.169,30.292,0.0,0.0
Rilta Environmental - W0185,2025,10331.806999999999,11,4,10308.74,23.067,0.0,0.0
Roscommon Landfill Facility - W0073,2023,0.0,1,1,0.0,0.0,0.0,
Roscommon Landfill Facility - W0073,2024,0.0,1,1,0.0,0.0,0.0,
"SRCL Limited (Kylemore Road) trading as Eco-Safe Systems Ltd, Allied Industrial Estate, Kylemore Road, Dublin 10 - W0054",2021,9.058,2,1,0.0,9.058,0.0,
"SRCL Limited (Kylemore Road) trading as Eco-Safe Systems Ltd, Allied Industrial Estate, Kylemore Road, Dublin 10 - W0054",2022,3.46,6,3,0.0,3.46,0.0,
"SRCL Limited (Kylemore Road) trading as Eco-Safe Systems Ltd, Allied Industrial Estate, Kylemore Road, Dublin 10 - W0054",2023,10.591,4,2,0.0,10.591,0.0,
"SRCL Limited (Kylemore Road) trading as Eco-Safe Systems Ltd, Allied Industrial Estate, Kylemore Road, Dublin 10 - W0054",2024,0.254,2,1,0.0,0.254,0.0,
SRCL Limited - W0055,2021,0.0,1,1,0.0,0.0,0.0,
Saint-Gobain Construction Products (Ireland) Limited - P0519,2021,1922.0,2,1,0.0,0.0,1922.0,1.0
Saint-Gobain Construction Products (Ireland) Limited - P0519,2022,2623.0,2,1,0.0,0.0,2623.0,1.0
Saint-Gobain Construction Products (Ireland) Limited - P0519,2023,3034.0,2,1,0.0,0.0,3034.0,1.0
Saint-Gobain Construction Products (Ireland) Limited - P0519,2024,3085.0,2,1,0.0,0.0,3085.0,1.0
Saint-Gobain Construction Products (Ireland) Limited - P0519,2025,3691.76,2,1,0.0,0.0,3691.76,1.0
Scotch Corner Landfill - W0020,2021,75.71,3,1,0.0,0.0,75.71,1.0
Silliot Hill Landfill - W0014,2025,18.32,5,4,0.0,18.32,0.0,
Soltec (Ireland) Limited - P1093,2021,3.0,2,1,0.0,3.0,0.0,
Soltec (Ireland) Limited - P1093,2022,4.811,6,4,0.0,4.811,0.0,
Soltec (Ireland) Limited - P1093,2023,12.636,7,3,0.0,12.636,0.0,
Soltec (Ireland) Limited - P1093,2024,41.5,5,2,0.0,41.5,0.0,
Soltec (Ireland) Limited - P1093,2025,9.632,10,3,0.0,9.632,0.0,
Starrus Eco Holdings Limited (Ballymount) - W0039,2021,15095.98,18,12,0.0,15095.98,0.0,
Starrus Eco Holdings Limited (Ballymount) - W0039,2022,23072.21,16,12,0.0,23072.21,0.0,
Starrus Eco Holdings Limited (Ballymount) - W0039,2023,29352.656,16,12,0.0,29352.656,0.0,
Starrus Eco Holdings Limited (Ballymount) - W0039,2024,32644.593,15,11,0.0,32644.593,0.0,
Starrus Eco Holdings Limited (Ballymount) - W0039,2025,40090.07,16,11,0.0,40090.07,0.0,
Starrus Eco Holdings Limited (Cappagh) - W0261,2021,215.02,6,6,0.0,215.02,0.0,
Starrus Eco Holdings Limited (Cappagh) - W0261,2022,23.58,6,6,0.0,23.58,0.0,
Starrus Eco Holdings Limited (Cappagh) - W0261,2023,126.83999999999999,3,3,0.0,126.83999999999999,0.0,
Starrus Eco Holdings Limited (Cappagh) - W0261,2024,105.34,6,5,0.0,105.34,0.0,
Starrus Eco Holdings Limited (Cappagh) - W0261,2025,3508.0,7,7,0.0,3508.0,0.0,
"Starrus Eco Holdings Limited (Cookstown, Tallaght) - W0079",2024,1.3,1,1,0.0,1.3,0.0,
Starrus Eco Holdings Limited (Dock Road) - W0082,2021,2845.9700000000003,13,8,0.0,2845.9700000000003,0.0,
Starrus Eco Holdings Limited (Dock Road) - W0082,2022,2368.68,13,9,0.0,2368.68,0.0,
Starrus Eco Holdings Limited (Dock Road) - W0082,2023,4308.0929,15,7,0.0,4308.0929,0.0,
Starrus Eco Holdings Limited (Dock Road) - W0082,2024,6600.268,17,12,0.0,6600.268,0.0,
Starrus Eco Holdings Limited (Dock Road) - W0082,2025,7577.63,15,10,0.0,7577.63,0.0,
Starrus Eco Holdings Limited (Fassaroe) - W0053,2021,10955.501,20,14,0.0,10955.501,0.0,
Starrus Eco Holdings Limited (Fassaroe) - W0053,2022,16960.2,20,14,0.0,16960.2,0.0,
Starrus Eco Holdings Limited (Fassaroe) - W0053,2023,19684.03,21,14,0.0,19684.03,0.0,
Starrus Eco Holdings Limited (Fassaroe) - W0053,2024,24898.382999999998,21,15,0.0,24898.382999999998,0.0,
Starrus Eco Holdings Limited (Fassaroe) - W0053,2025,26857.36,21,15,0.0,26857.36,0.0,
Starrus Eco Holdings Limited (Gorey) - W0220,2021,299.38,10,7,0.0,299.38,0.0,
Starrus Eco Holdings Limited (Gorey) - W0220,2022,792.62,10,5,0.0,792.62,0.0,
Starrus Eco Holdings Limited (Gorey) - W0220,2023,1506.561,8,6,0.0,1506.561,0.0,
Starrus Eco Holdings Limited (Gorey) - W0220,2024,3394.95,10,8,0.0,3394.95,0.0,
Starrus Eco Holdings Limited (Gorey) - W0220,2025,4974.56,7,6,0.0,4974.56,0.0,
Starrus Eco Holdings Limited (Greenogue) - W0188,2021,3086.44,9,7,0.0,3086.44,0.0,
Starrus Eco Holdings Limited (Greenogue) - W0188,2022,10913.64,18,13,0.0,10913.64,0.0,
Starrus Eco Holdings Limited (Greenogue) - W0188,2023,11115.501,15,13,0.0,11115.501,0.0,
Starrus Eco Holdings Limited (Greenogue) - W0188,2024,12191.55,12,11,0.0,12191.55,0.0,
Starrus Eco Holdings Limited (Greenogue) - W0188,2025,14286.509999999998,15,11,0.0,14286.509999999998,0.0,
Starrus Eco Holdings Limited (Millenium Business Park) - W0183,2021,27926.280000000002,23,14,0.0,27926.280000000002,0.0,
Starrus Eco Holdings Limited (Millenium Business Park) - W0183,2022,35702.46000000001,24,16,0.0,35702.46000000001,0.0,
Starrus Eco Holdings Limited (Millenium Business Park) - W0183,2023,39363.770000000004,27,16,0.0,39363.770000000004,0.0,
Starrus Eco Holdings Limited (Millenium Business Park) - W0183,2024,60960.472,22,16,0.0,60960.472,0.0,
Starrus Eco Holdings Limited (Millenium Business Park) - W0183,2025,73225.82999999999,26,16,0.0,73225.82999999999,0.0,
Starrus Eco Holdings Limited (Munster) - W0136,2021,4601.88,21,11,0.0,4601.88,0.0,
Starrus Eco Holdings Limited (Munster) - W0136,2022,3817.8235,20,11,0.0,3817.8235,0.0,
Starrus Eco Holdings Limited (Munster) - W0136,2023,4726.840200000001,20,12,0.0,4726.840200000001,0.0,
Starrus Eco Holdings Limited (Munster) - W0136,2024,6919.670099999999,15,10,0.0,6919.670099999999,0.0,
Starrus Eco Holdings Limited (Munster) - W0136,2025,10740.43,16,12,0.0,10740.43,0.0,
Starrus Eco Holdings Limited (Slane) - W0140,2021,49816.82,21,13,0.0,806.44,49010.38,1.0
Starrus Eco Holdings Limited (Slane) - W0140,2022,28116.7,21,15,0.0,28116.7,0.0,
Starrus Eco Holdings Limited (Slane) - W0140,2023,24292.92,17,14,0.0,24292.92,0.0,
Starrus Eco Holdings Limited (Slane) - W0140,2024,27956.881,14,11,0.0,27956.881,0.0,
Starrus Eco Holdings Limited (Slane) - W0140,2025,32794.520000000004,18,13,0.0,32793.24,1.28,1.0
Starrus Eco Holdings Limited (Sligo) - W0058,2021,328.865,4,3,0.0,328.865,0.0,
Starrus Eco Holdings Limited (Sligo) - W0058,2022,197.1,3,2,0.0,197.1,0.0,
Starrus Eco Holdings Limited (Sligo) - W0058,2023,316.74100000000004,3,3,0.0,316.74100000000004,0.0,
Starrus Eco Holdings Limited (Sligo) - W0058,2024,1166.0839999999998,7,6,0.0,1166.0839999999998,0.0,
Starrus Eco Holdings Limited (Sligo) - W0058,2025,2797.16,5,5,0.0,2797.16,0.0,
Starrus Eco Holdings Limited (Waterford City) - W0177,2021,2461.121,11,10,0.0,2461.121,0.0,
Starrus Eco Holdings Limited (Waterford City) - W0177,2022,2315.8,15,10,0.0,2315.8,0.0,
Starrus Eco Holdings Limited (Waterford City) - W0177,2023,4737.976000000001,13,11,0.0,4737.976000000001,0.0,
Starrus Eco Holdings Limited (Waterford City) - W0177,2024,7982.840000000001,16,11,0.0,7982.840000000001,0.0,
Starrus Eco Holdings Limited (Waterford City) - W0177,2025,7538.43,15,10,0.0,7538.43,0.0,
Ted O'Donoghue and Sons Limited - W0214,2021,6313.0,9,5,0.0,6313.0,0.0,
Ted O'Donoghue and Sons Limited - W0214,2022,6450.0,10,6,0.0,6450.0,0.0,
Ted O'Donoghue and Sons Limited - W0214,2023,5462.0,10,6,0.0,5462.0,0.0,
Ted O'Donoghue and Sons Limited - W0214,2024,4536.0,10,7,0.0,4536.0,0.0,
Ted O'Donoghue and Sons Limited - W0214,2025,4250.0,9,5,0.0,4250.0,0.0,
The City Bin Co. Unlimited Company - W0148,2021,82.82,4,2,0.0,82.82,0.0,
The City Bin Co. Unlimited Company - W0148,2022,72.5,3,2,0.0,72.5,0.0,
The City Bin Co. Unlimited Company - W0148,2023,8.13,3,2,0.0,8.13,0.0,
The City Bin Co. Unlimited Company - W0148,2024,1052.26,5,4,0.0,1052.26,0.0,
The City Bin Co. Unlimited Company - W0148,2025,3120.107,18,9,0.0,3120.107,0.0,
The Hammond Lane Metal Company Limited - P0997,2021,9821.986,6,6,0.0,122.334,9699.652,1.0
The Hammond Lane Metal Company Limited - P0997,2022,10295.456999999999,11,6,0.0,472.411,9823.045999999998,1.0
The Hammond Lane Metal Company Limited - P0997,2023,12229.638,12,7,0.0,12229.638,0.0,
The Hammond Lane Metal Company Limited - P0997,2024,13596.690999999999,12,6,0.0,451.481,13145.21,1.0
The Hammond Lane Metal Company Limited - P0997,2025,12100.749000000002,12,6,0.0,12100.749000000002,0.0,
The Hammond Lane Metal Company Limited - P1002,2021,56962.388999999996,8,6,0.0,3664.086,53298.303,1.0
The Hammond Lane Metal Company Limited - P1002,2022,54309.862,14,6,0.0,1527.9850000000001,52781.877,1.0
The Hammond Lane Metal Company Limited - P1002,2023,50323.234,15,6,0.0,1118.129,49205.104999999996,1.0
The Hammond Lane Metal Company Limited - P1002,2024,37656.770000000004,12,6,0.0,473.153,37183.617,1.0
The Hammond Lane Metal Company Limited - P1002,2025,37368.664000000004,14,6,0.0,37368.664000000004,0.0,
Thorntons Recycling Centre (Ballyfermot) - W0044,2021,3973.73,13,9,0.0,3973.73,0.0,
Thorntons Recycling Centre (Ballyfermot) - W0044,2022,18804.521999999997,10,8,0.0,18804.521999999997,0.0,
Thorntons Recycling Centre (Ballyfermot) - W0044,2023,54660.662,17,12,0.0,54660.662,0.0,
Thorntons Recycling Centre (Ballyfermot) - W0044,2024,57627.062000000005,15,12,0.0,57627.062000000005,0.0,
Thorntons Recycling Centre (Ballyfermot) - W0044,2025,68153.38500000001,16,13,0.0,68153.38500000001,0.0,
Tulligmore Quarry Solutions Limited - W0255,2022,46125.86,3,1,23062.93,0.0,23062.93,0.5
Tulligmore Quarry Solutions Limited - W0255,2023,443334.12,21,2,443334.12,0.0,0.0,0.0
Tulligmore Quarry Solutions Limited - W0255,2024,552791.02,41,2,0.0,0.0,552791.02,1.0
Tulligmore Quarry Solutions Limited - W0255,2025,455291.73600000003,58,3,0.0,0.0,455291.73600000003,1.0
Valcroft Unlimited Company - P1136,2025,2993.94,5,3,0.0,2993.94,0.0,
"Veolia Environmental Services Technical Solutions Ltd, Corrin, Fermoy, Cork - W0050",2021,88.35,6,4,79.85,8.5,0.0,0.0
"Veolia Environmental Services Technical Solutions Ltd, Corrin, Fermoy, Cork - W0050",2022,109.4,8,4,109.4,0.0,0.0,0.0
"Veolia Environmental Services Technical Solutions Ltd, Corrin, Fermoy, Cork - W0050",2023,71.326,7,4,71.326,0.0,0.0,0.0
"Veolia Environmental Services Technical Solutions Ltd, Corrin, Fermoy, Cork - W0050",2024,0.841,4,3,0.841,0.0,0.0,0.0
"Veolia Environmental Services Technical Solutions Ltd, Corrin, Fermoy, Cork - W0050",2025,17.16,4,2,17.16,0.0,0.0,0.0
Walshestown Restoration Limited - W0254,2021,637312.196,62,3,0.0,0.0,637312.196,1.0
Walshestown Restoration Limited - W0254,2022,505948.94,74,5,0.0,0.0,505948.94,1.0
Walshestown Restoration Limited - W0254,2023,596507.936,75,6,0.0,0.0,596507.936,1.0
Walshestown Restoration Limited - W0254,2024,347790.08999999997,47,3,0.0,0.0,347790.08999999997,1.0
Walshestown Restoration Limited - W0254,2025,629878.2760000001,80,3,0.0,513793.52,116084.75600000001,1.0
Waste Recovery Services (Fermoy) Limited - W0107,2022,4191.3,11,7,0.0,3617.78,573.52,1.0
Waste Recovery Services (Fermoy) Limited - W0107,2023,7547.54,10,8,0.0,6660.14,887.4,1.0
Youghal Landfill - W0068,2021,10.96,1,1,0.0,0.0,10.96,1.0
Youghal Landfill - W0068,2022,10.56,2,1,0.0,0.0,10.56,1.0
Youghal Landfill - W0068,2023,4.84,2,1,0.0,0.0,4.84,1.0
Youghal Landfill - W0068,2024,7.08,2,1,0.0,0.0,7.08,1.0
Youghal Landfill - W0068,2025,14.42,2,1,0.0,0.0,14.42,1.0
